id,prediction
333c691a5488ea5b61bf78f5233257b8,1
34fccc65dc3324a6dee3363c22668ca6,1
79347dfaf0984ddc1f0185bda1ff7e38,0
05669f0049cfd4051867a015a27dbac3,1
83cbdc782d2d8633b13678b38095bfcf,0
e5746a2438b30192537f3f78f300b7d5,1
b1f3cbc1529dde03e9d10d15f95304b5,1
7b835fd5ad0e413d3c7e6c0f92c2f2bd,1
03611622c1645e0174da2d0ff521141d,1
d15d14d940d34b2be39b41179d70fc79,1
3e9421fee33e361539bdea50e6ed6d7c,1
7168758e98f5b7b801436512e8527545,0
2cebeb846c883617871d40027b680f61,0
05196df1ff9dfbd513aebb1028deb74e,0
fc60d2f58731cb158ca466a106965431,0
936747abd9fbd0eef4c70bc7c4f9cf05,1
c520e5324a618ac7c2137ebb18c93918,0
9b21548366f98e3764496d032031b8b6,0
638cc9c19caf7a08e82cbc2cbd3d061f,1
999369a40a6a1b5c5368618d8c1d7f1c,0
fcdc5389cb84c2fc71a7731f43153f73,0
94eea1354271f5d08709a91df0cdeba6,0
09d2619ae17f4615552014d27cba309e,1
2515f8654323779b49957e8014d03d1b,0
ab6569e639ed542299f31a9d430e0aa7,0
f945468fa43361da4a3635cfbc8b8371,1
175987851e3df7166b48ecc61c772529,1
2f5439074a85cc8fc2cac1ca24bded12,1
e6e1194d8b1dadcbdc7e312891682908,0
0cc18d98bc84b8e36bd4e8178716714d,1
460f6bbe20a03b2c80420be428676abf,0
d80515a9398bfc0557e48ceb7db462a0,1
6c6821221c0724b0c7205bbcdfd960f7,0
193c06c53e9223393e9a6fc4f5c8ae8f,1
2a5d8fe538483169fb5cb0b2ae1f33bb,1
acde6ef5fc8735881d31ef4dd7cb72ad,0
c71422ecf54ae7528308806de4402807,1
775c494d0c2d89f2578bbf2802aac4ce,1
a97bead17f2f858bdc976587080a45be,1
01b197bc1143f620032b5f32e16e39f0,1
8cf618eeda18f36f0c241e98b9f54d41,1
e57cc1edf9f02ad7f649939f9d74204e,1
94ca7552332b3b8f8db1b8d30b4f2ef4,0
8da79d8b11addac93ccbf2e90f4a769b,1
77d2c8c2dc284a9abcaf9c1e901a8168,0
46c391d7b30b039119452b5e1bafba7c,0
a88daff6d8fa5d52c42dfcd0406a7c1a,1
92fe7b74157d52adb70e18797249236e,1
46c1755556bfd70c6ff7512415ccc9ea,0
be4990890e00c5e03083c1f12f0d5ca7,1
8f90f28a85da962eab0a47519fbf2445,1
58ac8d2a4d19e7d7b109168ce914e715,1
3297a1853c1c0fe13d785378fdc44804,0
98fa6d0a2e546ef73af425f82313a9b4,0
db972d764cf904427925b8549e92fa1b,0
4feb523106f0110be0dff892c7ca4dbb,1
1926c974812646c44fecf575f8acb653,1
a27aefde79361c346c8bf99c8723bfae,0
3bddaa6973f19f0d1bab4752bc909a4d,0
e5a98573e298074d0fe9c9c93742c354,0
4ee4f29850dbaea92fc958837feac7ea,0
e572bdd10640d6af0e2762d936823b5e,1
65878ab05de3525ce8d8b149c5e11708,1
bae06e914bf3f5baa4cbd26b0973b209,1
ab971fd356ef1efffee8d1fd400cecb6,1
08b1daef3b36b7ac3d3c345ca74c5e9a,0
7b5c4d701ff0ae1dc301dedd08d72362,0
187f23667c060f9bb903c8dfbb1ef240,1
955f57590a8c5555f9e352c67e896bb8,0
7014db95741817a3078603464d2a9c83,0
90f5a5e323cdaa6fb28150dd49172b2d,1
cb895eb18368d22b359f49f54d7a95c3,1
a6aaaf9950a0f81ac9d0981d0af604c6,0
37f11a6172c095c7c20140249571d408,0
e0935a588fc6b43dd37888afb11d99dd,0
0200da706ee11533918ef8eb5ba1bbde,1
af105fc1a05ee5c474584a629c56aee2,1
520907f201cc160a6ddbd71cbe271845,1
8642e3d1fea47bcd05397a96d30fb866,1
8fc67fc23893b4a63e7c2fc1d848a9f1,0
074d58d266590c227c64f7f48531ef5a,1
14eb5d2a02d34a1dfd0c9350b6651196,1
b23e95bd5db5efc423b8c1a2e5b88b02,1
af09116ddba1635068d268cb8f8044b3,1
153d41c611eeefec2ea8ea7d280fca28,0
301e8d94d43cb3c8d4fb2c4aa583b470,0
edac79252bac4adf6bed140eda88dd19,0
04415dee562576009188c9d59c6e0416,0
e0a6252754ee73527f62f4017d889e2a,0
b850da16529d3dc370bfc642454d9ebd,1
9ac756eaf862612bf47a97d9302038c1,0
6fecb4d97cc670926308751ec73642e0,0
ed6c50193aa2345d581d39e2056572a4,1
4560d1bed55072b37c093156c521a855,0
29f3561665cd9c0ae4fd091f0b994519,0
8456b689a976bb9d989915248597512d,1
f7cb8d1a8787558f8736f8d792e6c91f,1
c5edffe28d5e688fc9595839dd11ee67,0
e59e36e709e9c141c6c937f5a453e9e9,0
c1f80935ad092aaaa8f675c5363bfcb9,0
4210a4f650f36381122f18a0b5fc75a6,0
8383dd50c6f9086d44d70d322c1590f9,0
31f594b337cbad7762f6a90a1130fc26,1
10c0310d2b5e51b0a55275d03b169132,1
48b28948215f421d9db3c0482789250d,1
dfef4847429ce2921daf42be1f959693,0
1a5eb3601578414fffdd8353fbc125fc,1
cd34245bd5e69741104d50b11610599b,1
7ab1206b556894f4cbe9a7e25c67ea79,0
2924ea2aeacc84478ccb577a5816470b,1
503766cd131f7ac3d818f9db934015e8,0
0a9d026d61ee6fa45423a5ffeb73d5c0,0
8117c0c8c2bb988f641170675c62f785,0
5f1b70607c10fafc400fcbb45f6262a8,0
f25e7de8ef2692d2ac9e8931c95404c0,0
c48173a05dcde9c8e39718aa3a7500df,1
5f93c8df512c21d9739669f3616749b0,1
408a6b691cf504d7b9267ac0c9ce4305,1
f7a2072829822415bb0704ca0804ce73,1
9bf9265c8f108d103495fe9a03d2accd,1
fb069c8c0a4ffedaec78297977982081,0
e0f78d84d746bf8911e01fa11e9fbd7a,0
2a0c145ffe56bbfeb3a1d169031f54bd,1
d5f4f7fdcfb49f48edf78c20c950797d,0
c56088010ee22c54e2e17dd88d11cc23,0
68b397733b67a6e691b1f81376167729,1
23ae2c39e884655b49a9e56ff80eb754,1
7686e6eab1ea4c40b106aee95ece659a,1
525ec2d793e6af7ac50fd72805bf83b7,1
e5bde0cfd5be62dd6e7e78e123928fe9,0
c31ed8115692bf2f1543a53c3515d43f,0
b86f7b9876f54ae18ec9a1a62e865454,1
d89c12572a64a4013a44d471abe0eedd,1
5010c071d80df694fa93d5929eedaee2,1
6d35d713a82e0fd940dfcf85d67b3dc2,0
98ddacb92efdf7a8905aa8f48a8b8c30,1
115fc6c4879de003f8b440c660f37b7d,0
193c06c53e9223393e9a6fc4f5c8ae8f,1
6d500d71df4e0184dd8392ea03bde78d,0
4c91635ae3d952add809d9032ccd76e2,1
f9dca8ca48f676539c2262ec81893def,1
0914781110b627cf4a2156eedcb996a2,0
6a73ebbf043b027f86dc4f7060bdf380,0
9e952b9ffd933c2640946c3be35f9db0,0
d9ce2560ae90d39f8b8f28a0bc390c7b,1
08d0c8519009aa90a6f083a086f90415,0
aefdc908f2b0b7e296a49b51fd8e2330,1
a5328294e4502072ad2e1e7b57581ac8,1
5308301195e426d1ffb71b9fec0595c5,1
ced8ce115809a59f959532beb575a644,1
ea4a649f96357e3df31db9c5e985ed2d,0
5fa41b9d188a6d2ff88ea1c3ce41eb66,1
7924df3ce27eb2fdb291ba448821f1ad,1
769b9ee2ccd6a3c0638e7d0e2354a2ff,0
7a125c9a740cfb106a1ec5f802237eee,0
087cd2f2169db26e2b41a0c3c41bb1ec,1
dad8643fb043b773f6a659102b7c1eb8,1
cdd227b6512b2104f2acd72459feeffb,0
9330b31e13724f1705803a33e4ec7c5e,1
3534e43e12f0776fad5e384928326d1b,1
aa7f9e8a7a245c9a3c8a6705c0aec2a1,1
745ff0a86d14382d1d17adef9328e9f1,1
e578d576fb6a0e3c9dc9b3e70193977b,0
2a35637004d8ffaf0eb026492e8a4131,0
c4ea30b4a0aa166369cbe9b93f55bf60,1
37f11a6172c095c7c20140249571d408,0
3a20fd1e5eecdd0bcc93f9ba74575334,0
633571b9bebea0b4c310d1f9dc5fe531,0
721fd9f0869b44057043ca505ebedbc8,1
03607ecd21d59541463704a022de0d5e,0
6116a6262b40e9383c818a1531e95f01,0
d0bc3415466b03b28be0fc3e921d9ae8,0
1c7bc8e01b14b688e8921604d8473a1b,1
0e3a566445ca43df6de89253e2fb710d,1
94a8f0b9bfe6c95c2d892dd6cbccf585,0
f61b8e7408e9a29ac6dc404d1adb1dda,0
54d9fd7f525beac482b32c6c359ff660,0
782ccb7c4b262a92d13c361aa98bb69e,0
5abc173a3db6801e46e60c2df1215c55,1
0aed9c58d4473d2236c9bc4f15ec04d0,0
0d02fadaea3928d23bf7d9acc9cc8f2e,1
3ca8e8b6bdc7ba5b86a99f6929b28c58,0
320aedc0269d9c28cefc0a269ae35d5f,1
e7cdabdc10d392bed0318aaa2fb46d12,1
3ce5f0ec82403bd71db99c6c02c40ac8,1
fd8cd82c10b3495e138809334dec2446,1
4c6837b400d2629684dc6b4153777230,1
687d3f04ab193d76ee55208c9b6db4da,1
a1e1dac840e2631f1ce73b62f101a51f,1
edb220eee024a0b239d2e75c57f41127,1
ec0f475510c864961c24cf9bcaf47a77,1
f0f2aa017241e860c2653274819f95ea,0
eaf804f90e1a67ed14115c359a90831c,1
9c89e8aa8d8f22f6e54b8eb25f939c38,1
937a924f562d42a5443ee1350fbd82c5,1
a2f24d6d5c4d20fb39b7d4e1c4448736,1
c8d1e04142b80dc2d6992295975003f1,1
7b02fa1306de3f13287bb58dfd72adfa,1
f66fde40b2e83082857938f2cd6abae0,0
0afd7b83ce64cba507004e9753d4175e,0
55c7953a929436b6d765041e1bf8c9ed,1
9fab9939155a90392a40388f8752f747,1
ed02d9d045581ce48f243c2783d0500f,0
65d385efcd851a12e2cf0b367a12593b,1
4a32eec601a98b31c23adcddca142bdf,1
d09ced097cc80df4acd3efbfc68075aa,0
778897242ee5923b01bebfff7cbccd89,0
9f61a7fee53b1d11030b62c10dbf1d10,0
ae0cd306ae59ed7976d0424be9b0f09c,0
8ef3403ac93a7d436ed2588f725dabc5,1
80081c00094dd7ece95e93cd25040772,0
fcddb0c744f9e325c8e1f0fe6af4b18e,1
7064431bdb8a53cc0af56640a660ec04,0
6a38d96987fba227806eb7b58c708fbf,0
2b50a2c29b36338f06c0c7f672c0d2f1,1
968b95b147d0ddfa4df634e4d26c6029,0
2e19ba070b7de20dc652e0af89e25613,1
530de1fd4304718c48f59b8f65bd36bf,0
294582eea43999335391881db6af9fc1,1
c4af7a2d3519cafaed1c11449fb7cf00,0
5bbb8181552a2a6a5d7a31d2ce7c763b,0
35e229e2639db0b5df885e08f66f8ea9,1
cbd9704afdfc897e34d532b469edf27f,1
5bef99865147cddf7a0a3da8ea954435,1
1f5e5aaf01e148e2ca4cf53fbcff9d9e,0
36c0a5f2b0ec79da11dd109399b6710e,1
8429b91e3f0e71d8cd3d7ddc5af505e4,1
bae344c08fe9d130588cf3edadee6556,0
d24fdb7aebf253a37f2931a87bd308a3,0
0426521283418abcc05fba88646726f1,1
60d29618c2ae145f210484a27337e2ad,1
366bbb309708b1d51b6e0ad4fd885dc6,0
05dfec58d8c1f9ba7eb3870a52ff418f,0
73502665ae520e3e93a95cab2d82c767,0
061734ddb5366ebce72bbe87a853d9cf,0
9fe9055f48125d708abbde8ea3ff72f1,1
6607f83b8760f46289510bf99f660754,1
35ae1d0878b64f2485e4c5bb9e28567d,0
007f51f30e6f39bd3717342d7f741a99,0
2e1a303757c8a3351352247be4d277bc,0
763687a89233987cc9038899336c6087,0
0a1ef0f8ae147156a93030cfe0eebe8c,0
4c6e9fc5806b8b789fd79d358e987f6f,0
ac63615ecc0adad8b1d9bd46020015b4,0
9a51646fbd00325a88a2d3586d34118c,0
e85636fbe815a1845eb8e8fe68c18755,1
4f14ebc4b51879a93c66c2fee4ccab6b,0
90026013aeb049b0cb60fee9c7f0a0f9,0
6250a2316c1a2028ace081765a978f6d,0
0cccee353a72e8b7650aceb5dd8b342a,0
dd8ba50c61de096f9087ce835728b7e5,1
292feaebc6c6075f77a1b27e8cdcb9c7,0
1f02cf0898d6dc018be15c5552745662,1
1ab3847d81f428803e7f4a7d7678fcd2,1
edbd234d1af0047ec0879844cff2a32a,0
6fea8aad703c3b65b72a1307ec168b21,1
4b1fe6f8931985ac2c255a6047bff74d,0
9bf13f8cd21ea5033320b88297fcd8e9,0
36dfb5133d2a42aa2759212c6eaaa46c,1
40765d83d1c3f7339c37554aeac831c0,0
bbcc64f35a8ff177df93768b0d18b3a9,0
635117c783ccdeef7b23b28c4ada9c47,0
06bd25e7b3180f201b250f7613ea05d4,1
7ab1206b556894f4cbe9a7e25c67ea79,0
025e6f9436501ddf12ecd5f7971215ff,1
7a8ed105d981324a82684dbe4e300381,1
f0124451f1f387cebcb6079e732e9d34,1
fdfa90fe3c3bdabcc30e3311e52c81fb,0
b31be5ccba056a5847cecb7dd6bd38d1,0
9210d0ae63349e1e37baa42627d1b15e,1
77596de9b92ad06c6fbf18a2ee8dc9c2,1
dbdf2cd4c6992e979fd134873d8fcf49,0
989577f18ff9b37ae46ee7f41d3226df,1
0031e2c9bae79944e2c3b661713b699a,1
1d46fef3cc2e47e7cec8e0b72231a224,0
25819ef2af9f1a6867a581b1eb4e5d3c,1
654b0f83b5afd9f4d5f3a2a9439fcad5,1
f63cced146761190461d9c921cacfed9,1
503297cc41319b610459ef6614ee91f3,0
aacb03341c45758e829e1b42426b7f98,1
c22ff9240f6adc86e4393b18bfda7582,0
46c48e2a3900aeb3b83a65ba9d2b92a6,0
9e683973152e105661ee238694a82c73,0
2605dd051a00e1908b6c1028f4fa013a,1
3719dcc2e8db079141fe51bd438dd857,0
7907ac7c53e4d3dd97851b8c2dc33cd5,0
2c6352885e7010381b620ef908c5b7be,0
94994623e19f7fbb59a823a8db7dfe1a,1
1e3b717c3aecf2052e4c081b3d7fe77c,1
b96c1840a036248b03a9f3f1c0b9fdac,0
423c10780f02503cfb8319c736cc0ac7,1
d9a2e14dc46ac42f34f525dd479d0d68,0
d0b2493d6db6759f91e39f410ac70b45,0
747d13967e49db18c0edc3734157c6da,0
af194cde34bec4fda7f4d48ab995aa61,1
6575b436a3dbde2f610ba6397ab538f2,0
c21d4704df784373460b0ec8afc8f0a5,1
435afeccd122ba94dda61e422f116d66,1
9ec2ce7c89ea2b2fc9af1a0673cf7bda,1
f032cd1556b5d37914f9162bc9f95ee9,0
ea55bf48a88f0b6f84b8c0c27a81b5f3,1
bd484b79141a8b4b969d80c5bbd528c7,1
29dceb2857e4f1db6c1f7513a1c9798b,1
5866626a80bd3f0aed2ff871169ad375,0
7cf97892bbcf0c303abdc6c3a07f4808,0
2f4aa964516a5eab695f8530f7ae46dc,0
9f438683c3dc52268a3d722e6f04b0ae,1
77a5fb02fa3b669ea9d6f00c08d5da18,1
d401bcb439843f1e15d592727b407964,0
25f84c4c7da83358eca1ccf3ee80d729,1
f5ef2773942fee2464c8c76685ace699,0
86db2d976066ea4354948cf2dd785ffe,0
8941f40d70c00394b338ad5ca060ea13,1
2b7b34ed9dfe608bac9a63ae6fe24f79,1
ad748004583bb7c3641da59924f6432d,0
d9ed6b873f659ce5c8984e8bf897ccf8,0
ec50f3cb250bd5e13582e3d342a13e0f,0
151a78fb3028107d6721810496990f9f,1
f13b3debe49edb7b2ab58fd53b4a27c2,1
8194aae55559a32cd9b500f0f074b55b,0
f23752c33bbc19fe2a7d91a838dbef2d,1
418489ccca5da5c4f43054d5b3178be8,1
e8e0b73f7fada426a3de14644f4d8a8b,0
8added656ab2c018e66b5933a36e6148,0
36679a765358e76b6149aa4fde868591,1
2c5341a006edb02248c72df61074ba0a,1
1b627c30d7f458b929730cce5ce295e7,1
6a666ce50e415fc3798500d28b9bc27b,0
80611f357fa2198a802c7bbe4d3daa6c,0
6044c9466334b353078d4cbd0c86986e,0
056cb60150efed577b74e889a00f99a2,0
a85be1ead5b8c268d372b1656d28af23,1
803769d28ea417aa36412cb92cd64c31,0
fdb58a293e023ea4f1e7da848be6bd5f,0
a50c56e1e86173dda01c1c89f0a91a3e,0
b4cea71531d2ea5dd492760de834e131,0
ef7affb73f19816b39c1ec2342b88ae5,0
4ca568d20164da5fe9db306307574ea7,0
6bddf3055227c97179a666862a73ead6,1
0ef8032ae89e02d4e243f03b1027f77b,1
dd92d480b3ca3ad034dccf0ebb5436e3,1
4c3950509ea791809f2ac30be06b5eef,1
31f594b337cbad7762f6a90a1130fc26,1
48d9989967bb3c9da13d6e8f3a070b68,0
67f0fe63987a188d996528cbd3140e7c,1
9254547fa1d25d7cd107013588792aef,1
f6c73f81f2f5a58899392ad2e1366956,0
0cad2fe5a56e80809459b11cf907da6c,1
a2733035fab1dd55d763a25e31b127db,0
063834d987e59a93b8064a78865092dc,1
b0e73207b12280c26b291679ab1eed88,0
8dd81b8c2c261915e081991779db9a6b,0
592c37725085205dadbb2787ee89a2ab,0
7b7f37eaf7ed2ab91484ef72b720ecd0,1
3c208339149e90b560151c0d38bf5329,1
692269e1d8ddc8705b4ab53cf0a101d2,0
9b9e69832c1c05608dccdc0a756881d6,0
a6ef1918cb85c04f303224dcc91bea0c,0
df0e52b711d0466ac59f13707966a478,0
2be816a4a3da397fd0be41ed0c154df9,1
723b55d17ba4040c0ad62215a4450a5b,1
aa9946a53ab29f5c476cdf734ffb1f30,0
adf59f54af43d345344afcbcd94a923a,0
e77425cacf92ba6ab9db16f509d80752,1
dc66b6f1cece635823563598142635f6,0
6f06f51a30f92cbc18016ee48fda53f9,1
126eb85bdc4a43e16be5a8bb7a2e4347,1
e840c78f358025783c98ee7b80cd4ce5,0
9457513b47ea4334639292c0f3e80f25,0
9e6c1354c45324db8dfedceaa79cc445,0
00d35397be4ebb9b58291cf2dc7dd3c7,1
b9b42b1d36300c43f53c247cfd7c6118,0
f2d2119fe606f23ffa3688e44aff5815,1
067eb08c2fbf6af13227a8d532e9d19c,0
ec2193cd0eef8890bc36039dcc74ef4e,0
76e84d7d8845b865a8ca7e980b979928,1
3983111dc6598b27da709cdf49216329,1
b6825ced319b68721cdd495ae7e6d880,1
23e98b074bd23240cde079088a9146b8,1
c12a98aaa18ab7047db3a06742517943,0
7fb6ee06d6a5771e0531de898a8b9b29,1
0fe986952c38c87c8ecebad3ec7435c1,1
271c3ced71289c921d1c7a0cebd8d4d6,1
f1efec45c9e9354d8352effe0e166568,1
6f176d5af3e14ff9872aad7346291840,1
